{
  "dataset": "CORES-IoT",
  "scenario": "scenario_1_all_attacks_known",
  "metrics": {
    "rf": {
      "f1": 0.9998331881452375,
      "precision": 0.9997281870073389,
      "recall": 0.9999382113419261,
      "bac": 0.999812836803273
    },
    "xgb": {
      "f1": 0.9992374448536789,
      "precision": 0.9985376598856043,
      "recall": 0.9999382113419261,
      "bac": 0.9991273847245419
    },
    "sgd": {
      "f1": 0.9610374184505833,
      "precision": 0.9251187706169212,
      "recall": 0.99985788608643,
      "bac": 0.9534105423840444
    },
    "ensemble": {
      "f1": 0.9991634124129841,
      "precision": 0.9983898132553534,
      "recall": 0.9999382113419261,
      "bac": 0.9990421471603474
    }
  }
}