{
  "dataset": "KDD'99",
  "scenario": "scenario_1_all_attacks_known",
  "metrics": {
    "rf": {
      "f1": 0.9999804700270108,
      "precision": 0.99999660342816,
      "recall": 0.9999643371464283,
      "bac": 0.9999753153621421
    },
    "xgb": {
      "f1": 0.9999817438371652,
      "precision": 0.9999915086785551,
      "recall": 0.9999719791864794,
      "bac": 0.9999688565655596
    },
    "sgd": {
      "f1": 0.9991481225768761,
      "precision": 0.9998988034141517,
      "recall": 0.9983985680515175,
      "bac": 0.9989954009963653
    },
    "ensemble": {
      "f1": 0.9999741013706319,
      "precision": 0.9999974525343462,
      "recall": 0.9999507512974486,
      "bac": 0.9999702357404203
    }
  }
}