{
  "dataset": "KDD'99",
  "scenario": "scenario_2_unseen_attacks",
  "metrics_per_model": {
    "rf": {
      "all": {
        "f1": 0.9998493016475292,
        "precision": 0.9999997451884574,
        "recall": 0.9996989033663215,
        "bac": 0.9998489376928588
      },
      "unseen": {
        "f1": 0.0084530853761623,
        "precision": 1.0,
        "recall": 0.004244482173174873,
        "bac": 0.004244482173174873
      }
    },
    "xgb": {
      "all": {
        "f1": 0.9998494293218434,
        "precision": 0.9999979615154502,
        "recall": 0.9997009412453989,
        "bac": 0.9998463587002833
      },
      "unseen": {
        "f1": 0.015164279696714406,
        "precision": 1.0,
        "recall": 0.007640067911714771,
        "bac": 0.007640067911714771
      }
    },
    "sgd": {
      "all": {
        "f1": 0.9991452294216469,
        "precision": 0.9998997379921576,
        "recall": 0.998391858673086,
        "bac": 0.9989939311478448
      },
      "unseen": {
        "f1": 0.07201309328968904,
        "precision": 1.0,
        "recall": 0.03735144312393888,
        "bac": 0.03735144312393888
      }
    }
  }
}