{
  "dataset": "NetFlow v9",
  "scenario": "scenario_2_unseen_attacks",
  "metrics_per_model": {
    "rf": {
      "all": {
        "f1": 0.9996454376964194,
        "precision": 0.9999856693745578,
        "recall": 0.9993054374580443,
        "bac": 0.9996516255341602
      },
      "unseen": {
        "f1": 0.0,
        "precision": 0.0,
        "recall": 0.0,
        "bac": 0.0
      }
    },
    "xgb": {
      "all": {
        "f1": 0.9995343997965686,
        "precision": 0.9999032627330428,
        "recall": 0.9991658089057954,
        "bac": 0.9995755253875793
      },
      "unseen": {
        "f1": 0.0,
        "precision": 0.0,
        "recall": 0.0,
        "bac": 0.0
      }
    },
    "sgd": {
      "all": {
        "f1": 0.9145716480319297,
        "precision": 0.8466683535505348,
        "recall": 0.9943164018796151,
        "bac": 0.9834123687452189
      },
      "unseen": {
        "f1": 0.0,
        "precision": 0.0,
        "recall": 0.0,
        "bac": 0.0
      }
    }
  }
}