{
  "dataset": "NetFlow v9",
  "scenario": "scenario_1_all_attacks_known",
  "metrics": {
    "rf": {
      "f1": 0.9996928213689482,
      "precision": 0.9999465640696804,
      "recall": 0.999439207413144,
      "bac": 0.9997166646997799
    },
    "xgb": {
      "f1": 0.998936590892088,
      "precision": 0.9994760282944721,
      "recall": 0.9983977354661254,
      "bac": 0.9991700654665007
    },
    "sgd": {
      "f1": 0.7798001525008245,
      "precision": 0.6426558366917335,
      "recall": 0.9913584532806367,
      "bac": 0.9653454436389458
    },
    "ensemble": {
      "f1": 0.9993347919822397,
      "precision": 0.9997380855658421,
      "recall": 0.9989318236440836,
      "bac": 0.9994515106887608
    }
  }
}